{
  "features": [
    "total_bytes",
    "bytes_per_packet",
    "packet_ratio",
    "byte_ratio",
    "flow_asymmetry",
    "duration_log",
    "packet_rate",
    "inter_arrival_var",
    "src_port_risk",
    "dst_port_risk",
    "port_entropy",
    "protocol_encoded",
    "tcp_flag_pattern",
    "connection_freq",
    "failed_conn_ratio",
    "payload_entropy",
    "session_uniqueness",
    "burstiness"
  ],
  "importance": [
    6.949966907501221,
    1.153576135635376,
    806.7994384765625,
    33.52015686035156,
    0.45673859119415283,
    0.6153197884559631,
    21.299869537353516,
    7.326301097869873,
    0.4910717010498047,
    0.49895966053009033,
    1.9443950653076172,
    0.509300947189331,
    9.316481009591371e-05,
    0.47168445587158203,
    0.22114220261573792,
    0.4927205443382263,
    0.6930219531059265,
    0.5154791474342346
  ],
  "std": [
    149.4199676513672,
    2.477429151535034,
    14721.2568359375,
    565.7578125,
    0.3165353238582611,
    0.9823467135429382,
    253.8068084716797,
    133.51475524902344,
    0.499899685382843,
    0.4999980926513672,
    4.078178405761719,
    0.5000406503677368,
    0.00965137965977192,
    0.2353070229291916,
    0.41496986150741577,
    0.6547131538391113,
    0.7852645516395569,
    0.39447513222694397
  ]
}