{
  "loss": [
    0.33569392561912537,
    0.11390651762485504,
    0.0851081907749176,
    0.07254037261009216,
    0.06571389734745026,
    0.06117839738726616,
    0.05886387825012207,
    0.057161834090948105,
    0.05588214471936226,
    0.05248970165848732,
    0.05111417919397354,
    0.05074266344308853,
    0.04958617687225342,
    0.04822691157460213,
    0.0482686311006546,
    0.04739164561033249,
    0.047508519142866135,
    0.046404335647821426,
    0.047519225627183914,
    0.04559573531150818,
    0.04506200924515724,
    0.0452289804816246,
    0.044287100434303284,
    0.04365691915154457,
    0.04410400986671448,
    0.04589582234621048,
    0.043257810175418854,
    0.04327524080872536,
    0.04267092049121857,
    0.042258359491825104,
    0.04285018891096115,
    0.042085200548172,
    0.04207945242524147,
    0.041687265038490295,
    0.04215332865715027,
    0.04140704497694969,
    0.04046402499079704,
    0.039701249450445175,
    0.039215803146362305,
    0.03885440155863762,
    0.03909376636147499,
    0.03880971297621727,
    0.03893369808793068,
    0.038743965327739716,
    0.03869418799877167,
    0.03880077227950096,
    0.03783540427684784,
    0.0375404991209507,
    0.03743916004896164,
    0.037398938089609146,
    0.03718506917357445,
    0.03704182058572769,
    0.0373498760163784,
    0.03724406659603119,
    0.036976177245378494,
    0.03649358078837395,
    0.03633032739162445,
    0.03632332384586334,
    0.036381617188453674,
    0.03616569563746452,
    0.03627102077007294,
    0.036133114248514175,
    0.036212507635354996,
    0.036171089857816696,
    0.036205146461725235,
    0.03595229983329773,
    0.035891685634851456,
    0.03554924577474594,
    0.03538144379854202,
    0.03540411964058876,
    0.03562320023775101,
    0.03561083599925041,
    0.03560972958803177,
    0.03547024726867676,
    0.03532155975699425,
    0.03528520464897156,
    0.03539762645959854,
    0.035202886909246445,
    0.03507106378674507,
    0.03509131819009781,
    0.035165999084711075,
    0.03519338741898537,
    0.03503134101629257,
    0.03493061289191246,
    0.03506037965416908,
    0.035102371126413345,
    0.03500337153673172,
    0.03508611395955086,
    0.03492816537618637,
    0.035172801464796066,
    0.03503166139125824,
    0.034887537360191345,
    0.034984562546014786,
    0.0349884033203125,
    0.03501035273075104,
    0.03505972772836685
  ],
  "val_loss": [
    0.0647880882024765,
    0.03927876427769661,
    0.033233340829610825,
    0.02892625890672207,
    0.026661977171897888,
    0.026297135278582573,
    0.024637576192617416,
    0.02730070799589157,
    0.024430356919765472,
    0.023203741759061813,
    0.023085443302989006,
    0.02235308289527893,
    0.02215682715177536,
    0.022224165499210358,
    0.02198936603963375,
    0.02245432510972023,
    0.021622175350785255,
    0.02260134555399418,
    0.0217086561024189,
    0.021186042577028275,
    0.021470854058861732,
    0.021093590185046196,
    0.02111630327999592,
    0.020813969895243645,
    0.022611122578382492,
    0.02119831182062626,
    0.021241264417767525,
    0.020764030516147614,
    0.021186336874961853,
    0.020620504394173622,
    0.020788859575986862,
    0.021384811028838158,
    0.021076731383800507,
    0.020543022081255913,
    0.020813193172216415,
    0.021050618961453438,
    0.01989302597939968,
    0.019502995535731316,
    0.019575802609324455,
    0.019271619617938995,
    0.019634243100881577,
    0.019576413556933403,
    0.01946418546140194,
    0.019678017124533653,
    0.019775500521063805,
    0.019985243678092957,
    0.019282715395092964,
    0.019200077280402184,
    0.018962927162647247,
    0.019030218943953514,
    0.019154023379087448,
    0.01904996670782566,
    0.019035208970308304,
    0.01904255338013172,
    0.019120467826724052,
    0.018915409222245216,
    0.018912944942712784,
    0.01886371709406376,
    0.01894737407565117,
    0.018875068053603172,
    0.018841944634914398,
    0.018884697929024696,
    0.018824204802513123,
    0.01889394409954548,
    0.01890658587217331,
    0.01906396821141243,
    0.018969988450407982,
    0.01890108734369278,
    0.01884526014328003,
    0.01884288340806961,
    0.01883559487760067,
    0.018831761553883553,
    0.018798014149069786,
    0.018779223784804344,
    0.018794916570186615,
    0.01878105103969574,
    0.018798325210809708,
    0.018769633024930954,
    0.018806058913469315,
    0.018784139305353165,
    0.01877702586352825,
    0.018741866573691368,
    0.01873597875237465,
    0.018771568313241005,
    0.018779894337058067,
    0.01878558285534382,
    0.01879909075796604,
    0.01881909742951393,
    0.018823381513357162,
    0.01879778504371643,
    0.018783539533615112,
    0.01880118064582348,
    0.01880147121846676,
    0.018791789188981056,
    0.01879177615046501,
    0.018787840381264687
  ],
  "accuracy": [
    0.607394814491272,
    0.8338590860366821,
    0.8708704113960266,
    0.8841845393180847,
    0.8937105536460876,
    0.9001067876815796,
    0.9025535583496094,
    0.9033608436584473,
    0.9048760533332825,
    0.9096701145172119,
    0.9114710092544556,
    0.9117939472198486,
    0.9136568903923035,
    0.9157310128211975,
    0.9153087735176086,
    0.9157682657241821,
    0.9157310128211975,
    0.9173580408096313,
    0.9155943989753723,
    0.9184882640838623,
    0.9186124205589294,
    0.9185627698898315,
    0.9199910759925842,
    0.920599639415741,
    0.9200283288955688,
    0.916774332523346,
    0.921233057975769,
    0.9207486510276794,
    0.9205872416496277,
    0.9215559363365173,
    0.9205747842788696,
    0.9211460947990417,
    0.9223259687423706,
    0.9227855205535889,
    0.9216428995132446,
    0.9232823252677917,
    0.9242634773254395,
    0.9247851371765137,
    0.9257041811943054,
    0.9267226457595825,
    0.9259898662567139,
    0.9259153604507446,
    0.9258283972740173,
    0.9255924224853516,
    0.9260519742965698,
    0.9259526133537292,
    0.9270703792572021,
    0.9275795817375183,
    0.9276416897773743,
    0.9278156161308289,
    0.9278404116630554,
    0.9279025197029114,
    0.9275795817375183,
    0.9276789426803589,
    0.9281384944915771,
    0.9286601543426514,
    0.9283744692802429,
    0.928945779800415,
    0.9285483360290527,
    0.928945779800415,
    0.9283993244171143,
    0.9284614324569702,
    0.9284365773200989,
    0.9285235404968262,
    0.9287098050117493,
    0.9291321039199829,
    0.928945779800415,
    0.929455041885376,
    0.9295170903205872,
    0.9294674396514893,
    0.9293059706687927,
    0.9286104440689087,
    0.9292066097259521,
    0.929380476474762,
    0.9294177293777466,
    0.92939293384552,
    0.9294177293777466,
    0.9298897385597229,
    0.930138111114502,
    0.9296040534973145,
    0.9295791983604431,
    0.9298027753829956,
    0.929765522480011,
    0.9297282695770264,
    0.9299145340919495,
    0.9301257133483887,
    0.9298897385597229,
    0.9295544028282166,
    0.9301257133483887,
    0.9302871227264404,
    0.9293432235717773,
    0.9302002191543579,
    0.9301132559776306,
    0.9300884008407593,
    0.9302374720573425,
    0.9300387501716614
  ],